model_spec,task_id,task_difficulty,seed,intervention,baseline_error_category,intervention_error_category,baseline_L2,intervention_L2,code_diff_round0_final
ollama:qwen3.5:4b,T1_Bell,easy,5,preventive_spec,ok,import_error,True,False,
ollama:qwen3.5:4b,T3a_DJ_constant,medium,0,preventive_spec,ok,import_error,True,False,
ollama:qwen3.5:4b,T3a_DJ_constant,medium,7,preventive_spec,ok,import_error,True,False,
ollama:qwen3.5:4b,T4_BV_011,medium,3,preventive_spec,ok,import_error,True,False,
ollama:qwen3.5:4b,T5_Grover_11,medium,3,preventive_spec,ok,import_error,True,False,
ollama:qwen3.5:4b,T6_QFT_001,hard,0,preventive_spec,ok,interface_mismatch,True,False,
ollama:qwen3.5:4b,T6_QFT_001,hard,9,preventive_spec,ok,interface_mismatch,True,False,
ollama:qwen3.5:4b,T7_IQFT_001,hard,6,preventive_spec,ok,interface_mismatch,True,False,
ollama:qwen3.5:4b,T9_Ansatz_001,hard,3,preventive_spec,ok,import_error,True,False,
ollama:qwen3.5:4b,T9_Ansatz_001,hard,6,preventive_spec,ok,interface_mismatch,True,False,
ollama:qwen3.5:4b,T9_Ansatz_001,hard,8,preventive_spec,ok,build_error,True,False,
ollama:gemma4:e4b-it-qat,T1_Bell,easy,0,preventive_spec,ok,wrong_output,True,False,
ollama:gemma4:e4b-it-qat,T1_Bell,easy,1,preventive_spec,ok,wrong_output,True,False,
ollama:gemma4:e4b-it-qat,T1_Bell,easy,2,preventive_spec,ok,wrong_output,True,False,
ollama:gemma4:e4b-it-qat,T1_Bell,easy,3,preventive_spec,ok,build_error,True,False,
ollama:gemma4:e4b-it-qat,T1_Bell,easy,4,preventive_spec,ok,wrong_output,True,False,
ollama:gemma4:e4b-it-qat,T1_Bell,easy,6,preventive_spec,ok,wrong_output,True,False,
ollama:gemma4:e4b-it-qat,T1_Bell,easy,7,preventive_spec,ok,wrong_output,True,False,
ollama:gemma4:e4b-it-qat,T1_Bell,easy,8,preventive_spec,ok,wrong_output,True,False,
ollama:gemma4:e4b-it-qat,T1_Bell,easy,9,preventive_spec,ok,wrong_output,True,False,
ollama:gemma4:e4b-it-qat,T2_GHZ,easy,0,preventive_spec,ok,wrong_output,True,False,
ollama:gemma4:e4b-it-qat,T2_GHZ,easy,1,preventive_spec,ok,wrong_output,True,False,
ollama:gemma4:e4b-it-qat,T2_GHZ,easy,2,preventive_spec,ok,wrong_output,True,False,
ollama:gemma4:e4b-it-qat,T2_GHZ,easy,3,preventive_spec,ok,wrong_output,True,False,
ollama:gemma4:e4b-it-qat,T2_GHZ,easy,4,preventive_spec,ok,wrong_output,True,False,
ollama:gemma4:e4b-it-qat,T2_GHZ,easy,5,preventive_spec,ok,wrong_output,True,False,
ollama:gemma4:e4b-it-qat,T2_GHZ,easy,6,preventive_spec,ok,wrong_output,True,False,
ollama:gemma4:e4b-it-qat,T2_GHZ,easy,9,preventive_spec,ok,wrong_output,True,False,
ollama:gemma4:e4b-it-qat,T3a_DJ_constant,medium,0,preventive_spec,ok,syntax,True,False,
ollama:gemma4:e4b-it-qat,T3a_DJ_constant,medium,1,preventive_spec,ok,wrong_output,True,False,
ollama:gemma4:e4b-it-qat,T3a_DJ_constant,medium,2,preventive_spec,ok,wrong_output,True,False,
ollama:gemma4:e4b-it-qat,T3a_DJ_constant,medium,5,preventive_spec,ok,wrong_output,True,False,
ollama:gemma4:e4b-it-qat,T3a_DJ_constant,medium,6,preventive_spec,ok,wrong_output,True,False,
ollama:gemma4:e4b-it-qat,T3b_DJ_balanced,medium,0,preventive_spec,ok,syntax,True,False,
ollama:gemma4:e4b-it-qat,T3b_DJ_balanced,medium,1,preventive_spec,ok,wrong_output,True,False,
ollama:gemma4:e4b-it-qat,T3b_DJ_balanced,medium,2,preventive_spec,ok,syntax,True,False,
ollama:gemma4:e4b-it-qat,T3b_DJ_balanced,medium,3,preventive_spec,ok,syntax,True,False,
ollama:gemma4:e4b-it-qat,T3b_DJ_balanced,medium,4,preventive_spec,ok,wrong_output,True,False,
ollama:gemma4:e4b-it-qat,T3b_DJ_balanced,medium,6,preventive_spec,ok,wrong_output,True,False,
ollama:gemma4:e4b-it-qat,T3b_DJ_balanced,medium,7,preventive_spec,ok,wrong_output,True,False,
ollama:gemma4:e4b-it-qat,T3b_DJ_balanced,medium,8,preventive_spec,ok,wrong_output,True,False,
ollama:gemma4:e4b-it-qat,T4_BV_011,medium,0,preventive_spec,ok,wrong_output,True,False,
ollama:gemma4:e4b-it-qat,T4_BV_011,medium,1,preventive_spec,ok,wrong_output,True,False,
ollama:gemma4:e4b-it-qat,T4_BV_011,medium,2,preventive_spec,ok,wrong_output,True,False,
ollama:gemma4:e4b-it-qat,T4_BV_011,medium,3,preventive_spec,ok,wrong_output,True,False,
ollama:gemma4:e4b-it-qat,T4_BV_011,medium,5,preventive_spec,ok,syntax,True,False,
ollama:gemma4:e4b-it-qat,T4_BV_011,medium,6,preventive_spec,ok,wrong_output,True,False,
ollama:gemma4:e4b-it-qat,T4_BV_011,medium,8,preventive_spec,ok,wrong_output,True,False,
ollama:gemma4:e4b-it-qat,T5_Grover_11,medium,4,preventive_spec,ok,wrong_output,True,False,
ollama:gemma4:e4b-it-qat,T5_Grover_11,medium,8,preventive_spec,ok,wrong_output,True,False,
ollama:gemma4:e4b-it-qat,T7_IQFT_001,hard,1,preventive_spec,ok,syntax,True,False,
ollama:gemma4:e4b-it-qat,T8_QPE_001,hard,0,preventive_spec,ok,wrong_output,True,False,
ollama:gemma4:e4b-it-qat,T8_QPE_001,hard,4,preventive_spec,ok,syntax,True,False,
ollama:qwen3.5:9b,T1_Bell,easy,0,preventive_spec,ok,wrong_output,True,False,
ollama:qwen3.5:9b,T1_Bell,easy,1,preventive_spec,ok,wrong_output,True,False,
ollama:qwen3.5:9b,T1_Bell,easy,4,preventive_spec,ok,wrong_output,True,False,
ollama:qwen3.5:9b,T1_Bell,easy,7,preventive_spec,ok,wrong_output,True,False,
ollama:qwen3.5:9b,T1_Bell,easy,9,preventive_spec,ok,wrong_output,True,False,
ollama:qwen3.5:9b,T2_GHZ,easy,0,preventive_spec,ok,wrong_output,True,False,
ollama:qwen3.5:9b,T2_GHZ,easy,1,preventive_spec,ok,wrong_output,True,False,
ollama:qwen3.5:9b,T2_GHZ,easy,2,preventive_spec,ok,build_error,True,False,
ollama:qwen3.5:9b,T2_GHZ,easy,4,preventive_spec,ok,wrong_output,True,False,
ollama:qwen3.5:9b,T2_GHZ,easy,7,preventive_spec,ok,wrong_output,True,False,
ollama:qwen3.5:9b,T2_GHZ,easy,9,preventive_spec,ok,wrong_output,True,False,
ollama:qwen3.5:9b,T3a_DJ_constant,medium,0,preventive_spec,ok,wrong_output,True,False,
ollama:qwen3.5:9b,T3a_DJ_constant,medium,3,preventive_spec,ok,interface_mismatch,True,False,
ollama:qwen3.5:9b,T3a_DJ_constant,medium,4,preventive_spec,ok,wrong_output,True,False,
ollama:qwen3.5:9b,T3a_DJ_constant,medium,6,preventive_spec,ok,wrong_output,True,False,
ollama:qwen3.5:9b,T3a_DJ_constant,medium,8,preventive_spec,ok,wrong_output,True,False,
ollama:qwen3.5:9b,T3a_DJ_constant,medium,9,preventive_spec,ok,wrong_output,True,False,
ollama:qwen3.5:9b,T3b_DJ_balanced,medium,1,preventive_spec,ok,wrong_output,True,False,
ollama:qwen3.5:9b,T3b_DJ_balanced,medium,2,preventive_spec,ok,wrong_output,True,False,
ollama:qwen3.5:9b,T3b_DJ_balanced,medium,4,preventive_spec,ok,wrong_output,True,False,
ollama:qwen3.5:9b,T3b_DJ_balanced,medium,6,preventive_spec,ok,wrong_output,True,False,
ollama:qwen3.5:9b,T3b_DJ_balanced,medium,7,preventive_spec,ok,wrong_output,True,False,
ollama:qwen3.5:9b,T3b_DJ_balanced,medium,8,preventive_spec,ok,wrong_output,True,False,
ollama:qwen3.5:9b,T4_BV_011,medium,1,preventive_spec,ok,wrong_output,True,False,
ollama:qwen3.5:9b,T4_BV_011,medium,2,preventive_spec,ok,wrong_output,True,False,
ollama:qwen3.5:9b,T4_BV_011,medium,4,preventive_spec,ok,build_error,True,False,
ollama:qwen3.5:9b,T4_BV_011,medium,5,preventive_spec,ok,wrong_output,True,False,
ollama:qwen3.5:9b,T4_BV_011,medium,7,preventive_spec,ok,wrong_output,True,False,
ollama:qwen3.5:9b,T4_BV_011,medium,8,preventive_spec,ok,wrong_output,True,False,
ollama:qwen3.5:9b,T5_Grover_11,medium,5,preventive_spec,ok,syntax,True,False,
ollama:qwen3.5:9b,T7_IQFT_001,hard,0,preventive_spec,ok,build_error,True,False,
ollama:qwen3.5:9b,T7_IQFT_001,hard,2,preventive_spec,ok,build_error,True,False,
ollama:qwen3.5:9b,T7_IQFT_001,hard,4,preventive_spec,ok,build_error,True,False,
ollama:qwen3.5:9b,T7_IQFT_001,hard,5,preventive_spec,ok,interface_mismatch,True,False,
ollama:qwen3.5:9b,T7_IQFT_001,hard,7,preventive_spec,ok,build_error,True,False,
ollama:qwen3.5:9b,T7_IQFT_001,hard,8,preventive_spec,ok,wrong_output,True,False,
ollama:qwen3.5:9b,T9_Ansatz_001,hard,2,preventive_spec,ok,build_error,True,False,
ollama:qwen3.5:9b,T9_Ansatz_001,hard,4,preventive_spec,ok,interface_mismatch,True,False,
ollama:qwen3.5:9b,T9_Ansatz_001,hard,7,preventive_spec,ok,wrong_output,True,False,
ollama:qwen3.5:9b,T9_Ansatz_001,hard,8,preventive_spec,ok,wrong_output,True,False,
