intervention,model_spec,n,avg_tokens_in,avg_tokens_out,avg_total_tokens,avg_elapsed_sec,avg_code_lines,avg_gate_count,avg_circuit_depth,total_estimated_cost_usd
baseline,ollama:gemma4:e4b-it-qat,100,321.8,528.24,850.04,53.11460128068924,46.66,5.03,3.02,null
baseline,ollama:qwen3.5:4b,100,329.6,306.84,636.44,38.74152379751205,29.11,1.03,0.61,null
baseline,ollama:qwen3.5:9b,100,329.6,416.62,746.22,80.4870498394966,35.19,3.78,2.43,null
execution_feedback,ollama:gemma4:e4b-it-qat,100,1130.66,905.35,2036.01,106.96822017908096,40.75,5.56,3.41,null
execution_feedback,ollama:qwen3.5:4b,100,1959.39,1019.36,2978.75,148.80919190645218,29.42,3.9,2.5,null
execution_feedback,ollama:qwen3.5:9b,100,1436.61,1030.45,2467.06,229.35369369983673,33.55,4.62,2.87,null
preventive_spec,ollama:gemma4:e4b-it-qat,100,433.8,540.77,974.57,54.45250227212906,45.17,4.71,2.84,null
preventive_spec,ollama:qwen3.5:4b,100,447.6,231.22,678.82,30.235862376689912,22.64,0.89,0.58,null
preventive_spec,ollama:qwen3.5:9b,100,447.6,392.82,840.42,79.22594983577729,30.93,3.35,2.08,null
self_debugging,ollama:gemma4:e4b-it-qat,100,1175.54,943.58,2119.12,112.22321182489395,41.34,5.72,3.51,null
self_debugging,ollama:qwen3.5:4b,100,2148.47,1203.0,3351.47,175.56663583040236,27.08,3.48,2.09,null
self_debugging,ollama:qwen3.5:9b,100,1553.27,1134.38,2687.65,251.8176834177971,33.06,5.02,3.13,null
self_refine,ollama:gemma4:e4b-it-qat,100,1167.78,955.4,2123.18,111.03807879686356,40.81,5.56,3.37,null
self_refine,ollama:qwen3.5:4b,100,2104.64,1087.12,3191.76,152.47742000818252,28.14,1.96,1.23,null
self_refine,ollama:qwen3.5:9b,100,1413.22,1013.16,2426.38,221.68550827264787,33.49,4.74,2.97,null
