model_spec,condition_id,failure_stage,error_category,exception_type,n
ollama:gemma4:e4b-it-qat,baseline,build,build_error,,1
ollama:gemma4:e4b-it-qat,baseline,build,build_error,NameError,1
ollama:gemma4:e4b-it-qat,baseline,build,interface_mismatch,TypeError,11
ollama:gemma4:e4b-it-qat,baseline,evaluate,wrong_output,,14
ollama:gemma4:e4b-it-qat,baseline,parse,syntax,,8
ollama:gemma4:e4b-it-qat,execution_feedback,build,interface_mismatch,TypeError,1
ollama:gemma4:e4b-it-qat,execution_feedback,evaluate,wrong_output,,8
ollama:gemma4:e4b-it-qat,execution_feedback,import,import_error,,2
ollama:gemma4:e4b-it-qat,execution_feedback,parse,syntax,,2
ollama:gemma4:e4b-it-qat,preventive_spec,build,build_error,AttributeError,3
ollama:gemma4:e4b-it-qat,preventive_spec,build,build_error,CircuitError,1
ollama:gemma4:e4b-it-qat,preventive_spec,build,interface_mismatch,TypeError,6
ollama:gemma4:e4b-it-qat,preventive_spec,evaluate,wrong_output,,45
ollama:gemma4:e4b-it-qat,preventive_spec,import,import_error,,1
ollama:gemma4:e4b-it-qat,preventive_spec,parse,syntax,,12
ollama:gemma4:e4b-it-qat,self_debugging,evaluate,wrong_output,,7
ollama:gemma4:e4b-it-qat,self_debugging,import,import_error,,5
ollama:gemma4:e4b-it-qat,self_refine,build,build_error,NameError,1
ollama:gemma4:e4b-it-qat,self_refine,build,interface_mismatch,TypeError,3
ollama:gemma4:e4b-it-qat,self_refine,evaluate,wrong_output,,9
ollama:gemma4:e4b-it-qat,self_refine,import,import_error,,4
ollama:gemma4:e4b-it-qat,self_refine,parse,syntax,,1
ollama:qwen3.5:4b,baseline,build,build_error,,3
ollama:qwen3.5:4b,baseline,build,build_error,AttributeError,11
ollama:qwen3.5:4b,baseline,build,build_error,NameError,4
ollama:qwen3.5:4b,baseline,build,interface_mismatch,TypeError,7
ollama:qwen3.5:4b,baseline,evaluate,wrong_output,,3
ollama:qwen3.5:4b,baseline,exec,interface_mismatch,QiskitError,1
ollama:qwen3.5:4b,baseline,import,import_error,,48
ollama:qwen3.5:4b,baseline,parse,syntax,,8
ollama:qwen3.5:4b,execution_feedback,build,build_error,AttributeError,3
ollama:qwen3.5:4b,execution_feedback,build,build_error,NameError,1
ollama:qwen3.5:4b,execution_feedback,build,interface_mismatch,TypeError,3
ollama:qwen3.5:4b,execution_feedback,evaluate,wrong_output,,8
ollama:qwen3.5:4b,execution_feedback,exec,interface_mismatch,AttributeError,1
ollama:qwen3.5:4b,execution_feedback,exec,interface_mismatch,QiskitError,1
ollama:qwen3.5:4b,execution_feedback,import,import_error,,20
ollama:qwen3.5:4b,execution_feedback,parse,syntax,,7
ollama:qwen3.5:4b,preventive_spec,build,build_error,,3
ollama:qwen3.5:4b,preventive_spec,build,build_error,AttributeError,6
ollama:qwen3.5:4b,preventive_spec,build,build_error,CircuitError,2
ollama:qwen3.5:4b,preventive_spec,build,build_error,NameError,5
ollama:qwen3.5:4b,preventive_spec,build,interface_mismatch,TypeError,12
ollama:qwen3.5:4b,preventive_spec,evaluate,wrong_output,,5
ollama:qwen3.5:4b,preventive_spec,exec,interface_mismatch,,1
ollama:qwen3.5:4b,preventive_spec,import,import_error,,52
ollama:qwen3.5:4b,preventive_spec,parse,syntax,,3
ollama:qwen3.5:4b,self_debugging,build,build_error,AttributeError,5
ollama:qwen3.5:4b,self_debugging,build,build_error,CircuitError,2
ollama:qwen3.5:4b,self_debugging,build,build_error,NameError,1
ollama:qwen3.5:4b,self_debugging,build,interface_mismatch,TypeError,6
ollama:qwen3.5:4b,self_debugging,evaluate,wrong_output,,6
ollama:qwen3.5:4b,self_debugging,exec,interface_mismatch,AttributeError,2
ollama:qwen3.5:4b,self_debugging,import,import_error,,14
ollama:qwen3.5:4b,self_debugging,parse,syntax,,7
ollama:qwen3.5:4b,self_refine,build,build_error,AttributeError,8
ollama:qwen3.5:4b,self_refine,build,build_error,NameError,1
ollama:qwen3.5:4b,self_refine,build,interface_mismatch,,1
ollama:qwen3.5:4b,self_refine,build,interface_mismatch,TypeError,7
ollama:qwen3.5:4b,self_refine,evaluate,wrong_output,,2
ollama:qwen3.5:4b,self_refine,exec,interface_mismatch,AttributeError,1
ollama:qwen3.5:4b,self_refine,exec,interface_mismatch,QiskitError,1
ollama:qwen3.5:4b,self_refine,import,import_error,,41
ollama:qwen3.5:4b,self_refine,parse,syntax,,5
ollama:qwen3.5:9b,baseline,build,build_error,AttributeError,3
ollama:qwen3.5:9b,baseline,build,build_error,TypeError,5
ollama:qwen3.5:9b,baseline,build,interface_mismatch,TypeError,2
ollama:qwen3.5:9b,baseline,evaluate,wrong_output,,14
ollama:qwen3.5:9b,baseline,parse,syntax,,17
ollama:qwen3.5:9b,execution_feedback,build,build_error,AttributeError,4
ollama:qwen3.5:9b,execution_feedback,evaluate,wrong_output,,9
ollama:qwen3.5:9b,execution_feedback,import,import_error,,1
ollama:qwen3.5:9b,execution_feedback,parse,syntax,,10
ollama:qwen3.5:9b,preventive_spec,build,build_error,AttributeError,11
ollama:qwen3.5:9b,preventive_spec,build,build_error,TypeError,2
ollama:qwen3.5:9b,preventive_spec,build,interface_mismatch,TypeError,5
ollama:qwen3.5:9b,preventive_spec,evaluate,wrong_output,,39
ollama:qwen3.5:9b,preventive_spec,parse,syntax,,18
ollama:qwen3.5:9b,self_debugging,build,build_error,AttributeError,1
ollama:qwen3.5:9b,self_debugging,build,build_error,CircuitError,1
ollama:qwen3.5:9b,self_debugging,build,build_error,TypeError,1
ollama:qwen3.5:9b,self_debugging,build,interface_mismatch,TypeError,1
ollama:qwen3.5:9b,self_debugging,evaluate,wrong_output,,6
ollama:qwen3.5:9b,self_debugging,parse,syntax,,10
ollama:qwen3.5:9b,self_refine,build,build_error,AttributeError,3
ollama:qwen3.5:9b,self_refine,build,build_error,TypeError,5
ollama:qwen3.5:9b,self_refine,build,interface_mismatch,TypeError,3
ollama:qwen3.5:9b,self_refine,evaluate,wrong_output,,8
ollama:qwen3.5:9b,self_refine,parse,syntax,,8
