model_spec,baseline_error_category,intervention,baseline_failure_count,rescued_count,rescue_rate,regression_count,degradation_count,timeout_count
ollama:gemma4:e4b-it-qat,build_error,execution_feedback,2,1,0.5,0,1,0
ollama:gemma4:e4b-it-qat,build_error,preventive_spec,2,0,0.0,0,0,0
ollama:gemma4:e4b-it-qat,build_error,self_debugging,2,1,0.5,0,1,0
ollama:gemma4:e4b-it-qat,build_error,self_refine,2,0,0.0,0,1,0
ollama:gemma4:e4b-it-qat,interface_mismatch,execution_feedback,11,9,0.8181818181818182,0,0,0
ollama:gemma4:e4b-it-qat,interface_mismatch,preventive_spec,11,4,0.36363636363636365,0,0,0
ollama:gemma4:e4b-it-qat,interface_mismatch,self_debugging,11,10,0.9090909090909091,0,0,0
ollama:gemma4:e4b-it-qat,interface_mismatch,self_refine,11,7,0.6363636363636364,0,0,0
ollama:gemma4:e4b-it-qat,ok,execution_feedback,0,0,,0,0,0
ollama:gemma4:e4b-it-qat,ok,preventive_spec,0,0,,42,0,0
ollama:gemma4:e4b-it-qat,ok,self_debugging,0,0,,0,0,0
ollama:gemma4:e4b-it-qat,ok,self_refine,0,0,,0,0,0
ollama:gemma4:e4b-it-qat,syntax,execution_feedback,8,7,0.875,0,0,0
ollama:gemma4:e4b-it-qat,syntax,preventive_spec,8,1,0.125,0,0,0
ollama:gemma4:e4b-it-qat,syntax,self_debugging,8,5,0.625,0,0,0
ollama:gemma4:e4b-it-qat,syntax,self_refine,8,6,0.75,0,0,0
ollama:gemma4:e4b-it-qat,wrong_output,execution_feedback,14,5,0.35714285714285715,0,2,0
ollama:gemma4:e4b-it-qat,wrong_output,preventive_spec,14,4,0.2857142857142857,0,0,0
ollama:gemma4:e4b-it-qat,wrong_output,self_debugging,14,7,0.5,0,1,0
ollama:gemma4:e4b-it-qat,wrong_output,self_refine,14,4,0.2857142857142857,0,2,0
ollama:qwen3.5:4b,build_error,execution_feedback,18,11,0.6111111111111112,0,4,0
ollama:qwen3.5:4b,build_error,preventive_spec,18,2,0.1111111111111111,0,0,0
ollama:qwen3.5:4b,build_error,self_debugging,18,9,0.5,0,6,0
ollama:qwen3.5:4b,build_error,self_refine,18,3,0.16666666666666666,0,7,0
ollama:qwen3.5:4b,import_error,execution_feedback,48,24,0.5,0,0,0
ollama:qwen3.5:4b,import_error,preventive_spec,48,3,0.0625,0,0,0
ollama:qwen3.5:4b,import_error,self_debugging,48,29,0.6041666666666666,0,0,0
ollama:qwen3.5:4b,import_error,self_refine,48,11,0.22916666666666666,0,0,0
ollama:qwen3.5:4b,interface_mismatch,execution_feedback,8,3,0.375,0,2,0
ollama:qwen3.5:4b,interface_mismatch,preventive_spec,8,2,0.25,0,0,0
ollama:qwen3.5:4b,interface_mismatch,self_debugging,8,3,0.375,0,1,0
ollama:qwen3.5:4b,interface_mismatch,self_refine,8,1,0.125,0,0,0
ollama:qwen3.5:4b,ok,execution_feedback,0,0,,0,0,0
ollama:qwen3.5:4b,ok,preventive_spec,0,0,,11,0,0
ollama:qwen3.5:4b,ok,self_debugging,0,0,,0,0,0
ollama:qwen3.5:4b,ok,self_refine,0,0,,0,0,0
ollama:qwen3.5:4b,syntax,execution_feedback,8,2,0.25,0,0,0
ollama:qwen3.5:4b,syntax,preventive_spec,8,0,0.0,0,0,0
ollama:qwen3.5:4b,syntax,self_debugging,8,1,0.125,0,0,0
ollama:qwen3.5:4b,syntax,self_refine,8,2,0.25,0,0,0
ollama:qwen3.5:4b,wrong_output,execution_feedback,3,1,0.3333333333333333,0,2,0
ollama:qwen3.5:4b,wrong_output,preventive_spec,3,0,0.0,0,0,0
ollama:qwen3.5:4b,wrong_output,self_debugging,3,0,0.0,0,2,0
ollama:qwen3.5:4b,wrong_output,self_refine,3,1,0.3333333333333333,0,1,0
ollama:qwen3.5:9b,build_error,execution_feedback,8,4,0.5,0,1,0
ollama:qwen3.5:9b,build_error,preventive_spec,8,2,0.25,0,0,0
ollama:qwen3.5:9b,build_error,self_debugging,8,7,0.875,0,0,0
ollama:qwen3.5:9b,build_error,self_refine,8,1,0.125,0,0,0
ollama:qwen3.5:9b,interface_mismatch,execution_feedback,2,2,1.0,0,0,0
ollama:qwen3.5:9b,interface_mismatch,preventive_spec,2,2,1.0,0,0,0
ollama:qwen3.5:9b,interface_mismatch,self_debugging,2,0,0.0,0,1,0
ollama:qwen3.5:9b,interface_mismatch,self_refine,2,0,0.0,0,0,0
ollama:qwen3.5:9b,ok,execution_feedback,0,0,,0,0,0
ollama:qwen3.5:9b,ok,preventive_spec,0,0,,40,0,0
ollama:qwen3.5:9b,ok,self_debugging,0,0,,0,0,0
ollama:qwen3.5:9b,ok,self_refine,0,0,,0,0,0
ollama:qwen3.5:9b,syntax,execution_feedback,17,3,0.17647058823529413,0,0,0
ollama:qwen3.5:9b,syntax,preventive_spec,17,1,0.058823529411764705,0,0,0
ollama:qwen3.5:9b,syntax,self_debugging,17,4,0.23529411764705882,0,0,0
ollama:qwen3.5:9b,syntax,self_refine,17,4,0.23529411764705882,0,0,0
ollama:qwen3.5:9b,wrong_output,execution_feedback,14,8,0.5714285714285714,0,3,0
ollama:qwen3.5:9b,wrong_output,preventive_spec,14,1,0.07142857142857142,0,0,0
ollama:qwen3.5:9b,wrong_output,self_debugging,14,10,0.7142857142857143,0,3,0
ollama:qwen3.5:9b,wrong_output,self_refine,14,9,0.6428571428571429,0,0,0
