task_difficulty,baseline_error_category,intervention,baseline_failure_count,rescued_count,rescue_rate,regression_count,degradation_count,timeout_count
easy,build_error,execution_feedback,2,2,1.0,0,0,0
easy,build_error,preventive_spec,2,0,0.0,0,0,0
easy,build_error,self_debugging,2,2,1.0,0,0,0
easy,build_error,self_refine,2,1,0.5,0,1,0
easy,import_error,execution_feedback,16,12,0.75,0,0,0
easy,import_error,preventive_spec,16,1,0.0625,0,0,0
easy,import_error,self_debugging,16,13,0.8125,0,0,0
easy,import_error,self_refine,16,7,0.4375,0,0,0
easy,ok,execution_feedback,0,0,,0,0,0
easy,ok,preventive_spec,0,0,,29,0,0
easy,ok,self_debugging,0,0,,0,0,0
easy,ok,self_refine,0,0,,0,0,0
easy,wrong_output,execution_feedback,1,0,0.0,0,0,0
easy,wrong_output,preventive_spec,1,0,0.0,0,0,0
easy,wrong_output,self_debugging,1,1,1.0,0,0,0
easy,wrong_output,self_refine,1,0,0.0,0,0,0
hard,build_error,execution_feedback,13,7,0.5384615384615384,0,4,0
hard,build_error,preventive_spec,13,3,0.23076923076923078,0,0,0
hard,build_error,self_debugging,13,6,0.46153846153846156,0,4,0
hard,build_error,self_refine,13,2,0.15384615384615385,0,2,0
hard,import_error,execution_feedback,13,5,0.38461538461538464,0,0,0
hard,import_error,preventive_spec,13,2,0.15384615384615385,0,0,0
hard,import_error,self_debugging,13,5,0.38461538461538464,0,0,0
hard,import_error,self_refine,13,1,0.07692307692307693,0,0,0
hard,interface_mismatch,execution_feedback,19,14,0.7368421052631579,0,2,0
hard,interface_mismatch,preventive_spec,19,8,0.42105263157894735,0,0,0
hard,interface_mismatch,self_debugging,19,12,0.631578947368421,0,2,0
hard,interface_mismatch,self_refine,19,8,0.42105263157894735,0,0,0
hard,ok,execution_feedback,0,0,,0,0,0
hard,ok,preventive_spec,0,0,,19,0,0
hard,ok,self_debugging,0,0,,0,0,0
hard,ok,self_refine,0,0,,0,0,0
hard,syntax,execution_feedback,19,5,0.2631578947368421,0,0,0
hard,syntax,preventive_spec,19,1,0.05263157894736842,0,0,0
hard,syntax,self_debugging,19,3,0.15789473684210525,0,0,0
hard,syntax,self_refine,19,5,0.2631578947368421,0,0,0
hard,wrong_output,execution_feedback,10,7,0.7,0,1,0
hard,wrong_output,preventive_spec,10,2,0.2,0,0,0
hard,wrong_output,self_debugging,10,8,0.8,0,2,0
hard,wrong_output,self_refine,10,7,0.7,0,0,0
medium,build_error,execution_feedback,13,7,0.5384615384615384,0,2,0
medium,build_error,preventive_spec,13,1,0.07692307692307693,0,0,0
medium,build_error,self_debugging,13,9,0.6923076923076923,0,3,0
medium,build_error,self_refine,13,1,0.07692307692307693,0,5,0
medium,import_error,execution_feedback,19,7,0.3684210526315789,0,0,0
medium,import_error,preventive_spec,19,0,0.0,0,0,0
medium,import_error,self_debugging,19,11,0.5789473684210527,0,0,0
medium,import_error,self_refine,19,3,0.15789473684210525,0,0,0
medium,interface_mismatch,execution_feedback,2,0,0.0,0,0,0
medium,interface_mismatch,preventive_spec,2,0,0.0,0,0,0
medium,interface_mismatch,self_debugging,2,1,0.5,0,0,0
medium,interface_mismatch,self_refine,2,0,0.0,0,0,0
medium,ok,execution_feedback,0,0,,0,0,0
medium,ok,preventive_spec,0,0,,45,0,0
medium,ok,self_debugging,0,0,,0,0,0
medium,ok,self_refine,0,0,,0,0,0
medium,syntax,execution_feedback,14,7,0.5,0,0,0
medium,syntax,preventive_spec,14,1,0.07142857142857142,0,0,0
medium,syntax,self_debugging,14,7,0.5,0,0,0
medium,syntax,self_refine,14,7,0.5,0,0,0
medium,wrong_output,execution_feedback,20,7,0.35,0,6,0
medium,wrong_output,preventive_spec,20,3,0.15,0,0,0
medium,wrong_output,self_debugging,20,8,0.4,0,4,0
medium,wrong_output,self_refine,20,7,0.35,0,3,0
