model_spec,condition_id,intervention,task_difficulty,n,L0_rate,L1_rate,L2_rate,structure_match_rate,L3_rate,final_success_rate,timeout_flag_rate,avg_first_success_round,avg_tokens_in,avg_tokens_out,avg_total_tokens,avg_elapsed_sec,avg_code_lines,avg_gate_count,avg_circuit_depth,avg_L2_distance,avg_estimated_cost_usd
ollama:gemma4:e4b-it-qat,baseline,baseline,easy,20,1.0,1.0,1.0,1.0,1.0,1.0,0.0,0.0,235.5,351.15,586.65,35.84288582801819,36.75,2.5,2.5,0.003814697265625,null
ollama:gemma4:e4b-it-qat,baseline,baseline,hard,40,0.85,0.55,0.475,0.55,0.475,0.475,0.0,0.0,348.5,501.85,850.35,51.08086999058723,43.1,2.425,1.625,0.15519152556241342,null
ollama:gemma4:e4b-it-qat,baseline,baseline,medium,40,0.95,0.925,0.65,0.925,0.65,0.65,0.0,0.0,338.25,643.175,981.425,63.78419029712677,55.175,8.9,4.675,0.28700380067567566,null
ollama:gemma4:e4b-it-qat,execution_feedback,execution_feedback,easy,20,1.0,1.0,1.0,1.0,1.0,1.0,0.0,0.0,235.5,351.15,586.65,35.84288582801819,36.75,2.5,2.5,0.003814697265625,null
ollama:gemma4:e4b-it-qat,execution_feedback,execution_feedback,hard,40,0.95,0.925,0.875,0.925,0.875,0.875,0.0,0.6571428571428571,1347.075,922.025,2269.1,111.4605001449585,34.55,3.775,2.675,0.06524901519927291,null
ollama:gemma4:e4b-it-qat,execution_feedback,execution_feedback,medium,40,0.95,0.95,0.8,0.95,0.8,0.8,0.0,0.375,1361.825,1165.775,2527.6,138.03860738873482,48.95,8.875,4.6,0.14780466180098684,null
ollama:gemma4:e4b-it-qat,preventive_spec,preventive_spec,easy,20,1.0,0.95,0.15,0.95,0.15,0.15,0.0,0.0,347.5,324.1,671.6,33.0827657699585,32.1,2.4,2.4,0.8426834909539473,null
ollama:gemma4:e4b-it-qat,preventive_spec,preventive_spec,hard,40,0.85,0.625,0.55,0.625,0.55,0.55,0.0,0.0,460.5,489.525,950.025,50.22678347826004,39.425,2.65,1.8,0.11999999999999994,null
ollama:gemma4:e4b-it-qat,preventive_spec,preventive_spec,medium,40,0.825,0.825,0.175,0.825,0.175,0.175,0.0,0.0,450.25,700.35,1150.6,69.36308931708336,57.45,7.925,4.1,0.7888590494791666,null
ollama:gemma4:e4b-it-qat,self_debugging,self_debugging,easy,20,1.0,1.0,1.0,1.0,1.0,1.0,0.0,0.0,235.5,351.15,586.65,35.84288582801819,36.75,2.5,2.5,0.003814697265625,null
ollama:gemma4:e4b-it-qat,self_debugging,self_debugging,hard,40,0.875,0.875,0.875,0.875,0.875,0.875,0.0,0.6571428571428571,1455.6,992.55,2448.15,122.6876616358757,35.65,3.25,2.375,6.344131569286608e-17,null
ollama:gemma4:e4b-it-qat,self_debugging,self_debugging,medium,40,1.0,1.0,0.825,0.975,0.825,0.825,0.0,0.3333333333333333,1365.5,1190.825,2556.325,139.9489250123501,49.325,9.8,5.15,0.1658599853515625,null
ollama:gemma4:e4b-it-qat,self_refine,self_refine,easy,20,1.0,1.0,1.0,1.0,1.0,1.0,0.0,0.0,235.5,351.15,586.65,35.84288582801819,36.75,2.5,2.5,0.003814697265625,null
ollama:gemma4:e4b-it-qat,self_refine,self_refine,hard,40,0.925,0.825,0.775,0.825,0.775,0.775,0.0,0.6774193548387096,1558.55,1068.425,2626.975,128.0099583745003,34.7,3.575,2.475,0.07221101704160902,null
ollama:gemma4:e4b-it-qat,self_refine,self_refine,medium,40,0.95,0.95,0.775,0.95,0.775,0.775,0.0,0.22580645161290322,1243.15,1144.5,2387.65,131.66379570364953,48.95,9.075,4.7,0.16792698910361842,null
ollama:qwen3.5:4b,baseline,baseline,easy,20,0.2,0.1,0.1,0.1,0.1,0.1,0.0,0.0,247.5,116.1,363.6,18.449231886863707,13.7,0.2,0.2,0.0068359375,null
ollama:qwen3.5:4b,baseline,baseline,hard,40,0.575,0.225,0.225,0.225,0.225,0.225,0.0,0.0,355.25,351.6,706.85,42.958818334341046,31.15,0.825,0.575,7.65411151908334e-17,null
ollama:qwen3.5:4b,baseline,baseline,medium,40,0.4,0.175,0.1,0.175,0.1,0.1,0.0,0.0,345.0,357.45,702.45,44.67037521600723,34.775,1.65,0.85,0.32174246651785715,null
ollama:qwen3.5:4b,execution_feedback,execution_feedback,easy,20,0.8,0.8,0.8,0.8,0.8,0.8,0.0,1.5,1143.45,357.4,1500.85,61.95917505025864,15.5,2.0,2.0,0.00357818603515625,null
ollama:qwen3.5:4b,execution_feedback,execution_feedback,hard,40,0.675,0.55,0.5,0.55,0.5,0.5,0.0,0.85,2157.65,1230.8,3388.45,174.7081379890442,32.5,2.875,2.2,0.08943314985795457,null
ollama:qwen3.5:4b,execution_feedback,execution_feedback,medium,40,0.7,0.65,0.5,0.65,0.5,0.5,0.0,1.3,2169.1,1138.9,3308.0,166.33525425195694,33.3,5.875,3.05,0.23383507361778846,null
ollama:qwen3.5:4b,preventive_spec,preventive_spec,easy,20,0.2,0.1,0.1,0.1,0.1,0.1,0.0,0.0,365.5,133.5,499.0,17.300169658660888,15.55,0.25,0.25,0.00482177734375,null
ollama:qwen3.5:4b,preventive_spec,preventive_spec,hard,40,0.825,0.25,0.2,0.25,0.2,0.2,0.0,0.0,473.25,250.4,723.65,33.70013253092766,22.35,1.1,0.75,0.2390776062373095,null
ollama:qwen3.5:4b,preventive_spec,preventive_spec,medium,40,0.175,0.1,0.025,0.1,0.025,0.025,0.0,0.0,463.0,260.9,723.9,33.23943858146667,26.475,1.0,0.575,0.75,null
ollama:qwen3.5:4b,self_debugging,self_debugging,easy,20,0.85,0.85,0.85,0.85,0.85,0.85,0.0,1.1764705882352942,1094.4,440.65,1535.05,72.28943766355515,15.4,2.1,2.1,0.006649241727941176,null
ollama:qwen3.5:4b,self_debugging,self_debugging,hard,40,0.75,0.475,0.45,0.475,0.45,0.45,0.0,0.7222222222222222,2370.6,1353.525,3724.125,193.77903628349304,28.325,1.625,1.175,0.07443229275647874,null
ollama:qwen3.5:4b,self_debugging,self_debugging,medium,40,0.75,0.675,0.55,0.675,0.55,0.55,0.0,1.3636363636363635,2453.375,1433.65,3887.025,208.9928344607353,31.675,6.025,3.0,0.18831832320601852,null
ollama:qwen3.5:4b,self_refine,self_refine,easy,20,0.5,0.5,0.5,0.5,0.5,0.5,0.0,1.3,1217.65,362.45,1580.1,56.35000932216644,13.8,1.3,1.3,0.0046875,null
ollama:qwen3.5:4b,self_refine,self_refine,hard,40,0.65,0.325,0.325,0.325,0.325,0.325,0.0,0.46153846153846156,2227.8,1183.2,3411.0,164.9002981722355,28.575,1.325,0.875,5.299000282442312e-17,null
ollama:qwen3.5:4b,self_refine,self_refine,medium,40,0.4,0.3,0.25,0.3,0.25,0.25,0.0,1.1,2424.975,1353.375,3778.35,188.1182471871376,34.875,2.925,1.55,0.14854939778645834,null
ollama:qwen3.5:9b,baseline,baseline,easy,20,1.0,1.0,0.95,1.0,0.95,0.95,0.0,0.0,247.5,183.8,431.3,40.654979658126834,20.05,2.5,2.5,0.054925537109375,null
ollama:qwen3.5:9b,baseline,baseline,hard,40,0.775,0.625,0.45,0.625,0.45,0.45,0.0,0.0,355.25,466.85,822.1,88.45534591078759,37.825,2.45,1.925,0.23250812637845972,null
ollama:qwen3.5:9b,baseline,baseline,medium,40,0.8,0.7,0.55,0.7,0.55,0.55,0.0,0.0,345.0,482.8,827.8,92.43478885889053,40.125,5.75,2.9,0.20845249720982142,null
ollama:qwen3.5:9b,execution_feedback,execution_feedback,easy,20,1.0,1.0,0.95,1.0,0.95,0.95,0.0,0.0,342.9,215.75,558.65,49.09845637083053,20.05,2.5,2.5,0.054925537109375,null
ollama:qwen3.5:9b,execution_feedback,execution_feedback,hard,40,0.875,0.8,0.725,0.775,0.725,0.725,0.0,0.4827586206896552,1803.4,1269.925,3073.325,281.19715557694434,34.125,3.025,2.175,0.08612823486328121,null
ollama:qwen3.5:9b,execution_feedback,execution_feedback,medium,40,0.85,0.825,0.7,0.825,0.7,0.7,0.0,0.2857142857142857,1616.675,1198.325,2815.0,267.6378504872322,39.725,7.275,3.75,0.14000355113636365,null
ollama:qwen3.5:9b,preventive_spec,preventive_spec,easy,20,1.0,0.9,0.4,0.9,0.4,0.4,0.0,0.0,365.5,89.7,455.2,27.528641510009766,10.4,2.25,2.25,0.5570271809895834,null
ollama:qwen3.5:9b,preventive_spec,preventive_spec,hard,40,0.775,0.425,0.325,0.4,0.325,0.325,0.0,0.0,473.25,465.825,939.075,91.61186611652374,35.2,1.2,0.95,0.32034112480079663,null
ollama:qwen3.5:9b,preventive_spec,preventive_spec,medium,40,0.775,0.725,0.1,0.725,0.1,0.1,0.0,0.0,463.0,471.375,934.375,92.68868771791458,36.925,6.05,3.125,0.8623846646012931,null
ollama:qwen3.5:9b,self_debugging,self_debugging,easy,20,1.0,1.0,1.0,1.0,1.0,1.0,0.0,0.1,330.95,230.05,561.0,52.70480138063431,20.2,2.5,2.5,0.005120849609375,null
ollama:qwen3.5:9b,self_debugging,self_debugging,hard,40,0.85,0.75,0.675,0.75,0.675,0.675,0.0,0.4074074074074074,2002.7,1439.325,3442.025,317.721661067009,37.075,3.05,2.3,0.06561686197916662,null
ollama:qwen3.5:9b,self_debugging,self_debugging,medium,40,0.9,0.9,0.825,0.9,0.825,0.825,0.0,0.6363636363636364,1715.0,1281.6,2996.6,285.4701467871666,35.475,8.25,4.275,0.07303873697916667,null
ollama:qwen3.5:9b,self_refine,self_refine,easy,20,1.0,1.0,0.95,1.0,0.95,0.95,0.0,0.0,329.4,215.75,545.15,47.203580141067505,20.05,2.5,2.5,0.054925537109375,null
ollama:qwen3.5:9b,self_refine,self_refine,hard,40,0.9,0.7,0.625,0.7,0.625,0.625,0.0,0.32,1857.25,1288.4,3145.65,282.94245610833167,35.55,3.3,2.4,0.08425031389508926,null
ollama:qwen3.5:9b,self_refine,self_refine,medium,40,0.9,0.825,0.725,0.825,0.725,0.725,0.0,0.3793103448275862,1511.1,1136.625,2647.725,247.6695245027542,38.15,7.3,3.775,0.10948597301136363,null
