intervention,model_spec,task_id,task_difficulty,n,timeout_count,timeout_rate,timeout_elapsed_sec
baseline,ollama:gemma4:e4b-it-qat,T1_Bell,easy,10,0,0.0,
baseline,ollama:gemma4:e4b-it-qat,T2_GHZ,easy,10,0,0.0,
baseline,ollama:gemma4:e4b-it-qat,T3a_DJ_constant,medium,10,0,0.0,
baseline,ollama:gemma4:e4b-it-qat,T3b_DJ_balanced,medium,10,0,0.0,
baseline,ollama:gemma4:e4b-it-qat,T4_BV_011,medium,10,0,0.0,
baseline,ollama:gemma4:e4b-it-qat,T5_Grover_11,medium,10,0,0.0,
baseline,ollama:gemma4:e4b-it-qat,T6_QFT_001,hard,10,0,0.0,
baseline,ollama:gemma4:e4b-it-qat,T7_IQFT_001,hard,10,0,0.0,
baseline,ollama:gemma4:e4b-it-qat,T8_QPE_001,hard,10,0,0.0,
baseline,ollama:gemma4:e4b-it-qat,T9_Ansatz_001,hard,10,0,0.0,
baseline,ollama:qwen3.5:4b,T1_Bell,easy,10,0,0.0,
baseline,ollama:qwen3.5:4b,T2_GHZ,easy,10,0,0.0,
baseline,ollama:qwen3.5:4b,T3a_DJ_constant,medium,10,0,0.0,
baseline,ollama:qwen3.5:4b,T3b_DJ_balanced,medium,10,0,0.0,
baseline,ollama:qwen3.5:4b,T4_BV_011,medium,10,0,0.0,
baseline,ollama:qwen3.5:4b,T5_Grover_11,medium,10,0,0.0,
baseline,ollama:qwen3.5:4b,T6_QFT_001,hard,10,0,0.0,
baseline,ollama:qwen3.5:4b,T7_IQFT_001,hard,10,0,0.0,
baseline,ollama:qwen3.5:4b,T8_QPE_001,hard,10,0,0.0,
baseline,ollama:qwen3.5:4b,T9_Ansatz_001,hard,10,0,0.0,
baseline,ollama:qwen3.5:9b,T1_Bell,easy,10,0,0.0,
baseline,ollama:qwen3.5:9b,T2_GHZ,easy,10,0,0.0,
baseline,ollama:qwen3.5:9b,T3a_DJ_constant,medium,10,0,0.0,
baseline,ollama:qwen3.5:9b,T3b_DJ_balanced,medium,10,0,0.0,
baseline,ollama:qwen3.5:9b,T4_BV_011,medium,10,0,0.0,
baseline,ollama:qwen3.5:9b,T5_Grover_11,medium,10,0,0.0,
baseline,ollama:qwen3.5:9b,T6_QFT_001,hard,10,0,0.0,
baseline,ollama:qwen3.5:9b,T7_IQFT_001,hard,10,0,0.0,
baseline,ollama:qwen3.5:9b,T8_QPE_001,hard,10,0,0.0,
baseline,ollama:qwen3.5:9b,T9_Ansatz_001,hard,10,0,0.0,
execution_feedback,ollama:gemma4:e4b-it-qat,T1_Bell,easy,10,0,0.0,
execution_feedback,ollama:gemma4:e4b-it-qat,T2_GHZ,easy,10,0,0.0,
execution_feedback,ollama:gemma4:e4b-it-qat,T3a_DJ_constant,medium,10,0,0.0,
execution_feedback,ollama:gemma4:e4b-it-qat,T3b_DJ_balanced,medium,10,0,0.0,
execution_feedback,ollama:gemma4:e4b-it-qat,T4_BV_011,medium,10,0,0.0,
execution_feedback,ollama:gemma4:e4b-it-qat,T5_Grover_11,medium,10,0,0.0,
execution_feedback,ollama:gemma4:e4b-it-qat,T6_QFT_001,hard,10,0,0.0,
execution_feedback,ollama:gemma4:e4b-it-qat,T7_IQFT_001,hard,10,0,0.0,
execution_feedback,ollama:gemma4:e4b-it-qat,T8_QPE_001,hard,10,0,0.0,
execution_feedback,ollama:gemma4:e4b-it-qat,T9_Ansatz_001,hard,10,0,0.0,
execution_feedback,ollama:qwen3.5:4b,T1_Bell,easy,10,0,0.0,
execution_feedback,ollama:qwen3.5:4b,T2_GHZ,easy,10,0,0.0,
execution_feedback,ollama:qwen3.5:4b,T3a_DJ_constant,medium,10,0,0.0,
execution_feedback,ollama:qwen3.5:4b,T3b_DJ_balanced,medium,10,0,0.0,
execution_feedback,ollama:qwen3.5:4b,T4_BV_011,medium,10,0,0.0,
execution_feedback,ollama:qwen3.5:4b,T5_Grover_11,medium,10,0,0.0,
execution_feedback,ollama:qwen3.5:4b,T6_QFT_001,hard,10,0,0.0,
execution_feedback,ollama:qwen3.5:4b,T7_IQFT_001,hard,10,0,0.0,
execution_feedback,ollama:qwen3.5:4b,T8_QPE_001,hard,10,0,0.0,
execution_feedback,ollama:qwen3.5:4b,T9_Ansatz_001,hard,10,0,0.0,
execution_feedback,ollama:qwen3.5:9b,T1_Bell,easy,10,0,0.0,
execution_feedback,ollama:qwen3.5:9b,T2_GHZ,easy,10,0,0.0,
execution_feedback,ollama:qwen3.5:9b,T3a_DJ_constant,medium,10,0,0.0,
execution_feedback,ollama:qwen3.5:9b,T3b_DJ_balanced,medium,10,0,0.0,
execution_feedback,ollama:qwen3.5:9b,T4_BV_011,medium,10,0,0.0,
execution_feedback,ollama:qwen3.5:9b,T5_Grover_11,medium,10,0,0.0,
execution_feedback,ollama:qwen3.5:9b,T6_QFT_001,hard,10,0,0.0,
execution_feedback,ollama:qwen3.5:9b,T7_IQFT_001,hard,10,0,0.0,
execution_feedback,ollama:qwen3.5:9b,T8_QPE_001,hard,10,0,0.0,
execution_feedback,ollama:qwen3.5:9b,T9_Ansatz_001,hard,10,0,0.0,
preventive_spec,ollama:gemma4:e4b-it-qat,T1_Bell,easy,10,0,0.0,
preventive_spec,ollama:gemma4:e4b-it-qat,T2_GHZ,easy,10,0,0.0,
preventive_spec,ollama:gemma4:e4b-it-qat,T3a_DJ_constant,medium,10,0,0.0,
preventive_spec,ollama:gemma4:e4b-it-qat,T3b_DJ_balanced,medium,10,0,0.0,
preventive_spec,ollama:gemma4:e4b-it-qat,T4_BV_011,medium,10,0,0.0,
preventive_spec,ollama:gemma4:e4b-it-qat,T5_Grover_11,medium,10,0,0.0,
preventive_spec,ollama:gemma4:e4b-it-qat,T6_QFT_001,hard,10,0,0.0,
preventive_spec,ollama:gemma4:e4b-it-qat,T7_IQFT_001,hard,10,0,0.0,
preventive_spec,ollama:gemma4:e4b-it-qat,T8_QPE_001,hard,10,0,0.0,
preventive_spec,ollama:gemma4:e4b-it-qat,T9_Ansatz_001,hard,10,0,0.0,
preventive_spec,ollama:qwen3.5:4b,T1_Bell,easy,10,0,0.0,
preventive_spec,ollama:qwen3.5:4b,T2_GHZ,easy,10,0,0.0,
preventive_spec,ollama:qwen3.5:4b,T3a_DJ_constant,medium,10,0,0.0,
preventive_spec,ollama:qwen3.5:4b,T3b_DJ_balanced,medium,10,0,0.0,
preventive_spec,ollama:qwen3.5:4b,T4_BV_011,medium,10,0,0.0,
preventive_spec,ollama:qwen3.5:4b,T5_Grover_11,medium,10,0,0.0,
preventive_spec,ollama:qwen3.5:4b,T6_QFT_001,hard,10,0,0.0,
preventive_spec,ollama:qwen3.5:4b,T7_IQFT_001,hard,10,0,0.0,
preventive_spec,ollama:qwen3.5:4b,T8_QPE_001,hard,10,0,0.0,
preventive_spec,ollama:qwen3.5:4b,T9_Ansatz_001,hard,10,0,0.0,
preventive_spec,ollama:qwen3.5:9b,T1_Bell,easy,10,0,0.0,
preventive_spec,ollama:qwen3.5:9b,T2_GHZ,easy,10,0,0.0,
preventive_spec,ollama:qwen3.5:9b,T3a_DJ_constant,medium,10,0,0.0,
preventive_spec,ollama:qwen3.5:9b,T3b_DJ_balanced,medium,10,0,0.0,
preventive_spec,ollama:qwen3.5:9b,T4_BV_011,medium,10,0,0.0,
preventive_spec,ollama:qwen3.5:9b,T5_Grover_11,medium,10,0,0.0,
preventive_spec,ollama:qwen3.5:9b,T6_QFT_001,hard,10,0,0.0,
preventive_spec,ollama:qwen3.5:9b,T7_IQFT_001,hard,10,0,0.0,
preventive_spec,ollama:qwen3.5:9b,T8_QPE_001,hard,10,0,0.0,
preventive_spec,ollama:qwen3.5:9b,T9_Ansatz_001,hard,10,0,0.0,
self_debugging,ollama:gemma4:e4b-it-qat,T1_Bell,easy,10,0,0.0,
self_debugging,ollama:gemma4:e4b-it-qat,T2_GHZ,easy,10,0,0.0,
self_debugging,ollama:gemma4:e4b-it-qat,T3a_DJ_constant,medium,10,0,0.0,
self_debugging,ollama:gemma4:e4b-it-qat,T3b_DJ_balanced,medium,10,0,0.0,
self_debugging,ollama:gemma4:e4b-it-qat,T4_BV_011,medium,10,0,0.0,
self_debugging,ollama:gemma4:e4b-it-qat,T5_Grover_11,medium,10,0,0.0,
self_debugging,ollama:gemma4:e4b-it-qat,T6_QFT_001,hard,10,0,0.0,
self_debugging,ollama:gemma4:e4b-it-qat,T7_IQFT_001,hard,10,0,0.0,
self_debugging,ollama:gemma4:e4b-it-qat,T8_QPE_001,hard,10,0,0.0,
self_debugging,ollama:gemma4:e4b-it-qat,T9_Ansatz_001,hard,10,0,0.0,
self_debugging,ollama:qwen3.5:4b,T1_Bell,easy,10,0,0.0,
self_debugging,ollama:qwen3.5:4b,T2_GHZ,easy,10,0,0.0,
self_debugging,ollama:qwen3.5:4b,T3a_DJ_constant,medium,10,0,0.0,
self_debugging,ollama:qwen3.5:4b,T3b_DJ_balanced,medium,10,0,0.0,
self_debugging,ollama:qwen3.5:4b,T4_BV_011,medium,10,0,0.0,
self_debugging,ollama:qwen3.5:4b,T5_Grover_11,medium,10,0,0.0,
self_debugging,ollama:qwen3.5:4b,T6_QFT_001,hard,10,0,0.0,
self_debugging,ollama:qwen3.5:4b,T7_IQFT_001,hard,10,0,0.0,
self_debugging,ollama:qwen3.5:4b,T8_QPE_001,hard,10,0,0.0,
self_debugging,ollama:qwen3.5:4b,T9_Ansatz_001,hard,10,0,0.0,
self_debugging,ollama:qwen3.5:9b,T1_Bell,easy,10,0,0.0,
self_debugging,ollama:qwen3.5:9b,T2_GHZ,easy,10,0,0.0,
self_debugging,ollama:qwen3.5:9b,T3a_DJ_constant,medium,10,0,0.0,
self_debugging,ollama:qwen3.5:9b,T3b_DJ_balanced,medium,10,0,0.0,
self_debugging,ollama:qwen3.5:9b,T4_BV_011,medium,10,0,0.0,
self_debugging,ollama:qwen3.5:9b,T5_Grover_11,medium,10,0,0.0,
self_debugging,ollama:qwen3.5:9b,T6_QFT_001,hard,10,0,0.0,
self_debugging,ollama:qwen3.5:9b,T7_IQFT_001,hard,10,0,0.0,
self_debugging,ollama:qwen3.5:9b,T8_QPE_001,hard,10,0,0.0,
self_debugging,ollama:qwen3.5:9b,T9_Ansatz_001,hard,10,0,0.0,
self_refine,ollama:gemma4:e4b-it-qat,T1_Bell,easy,10,0,0.0,
self_refine,ollama:gemma4:e4b-it-qat,T2_GHZ,easy,10,0,0.0,
self_refine,ollama:gemma4:e4b-it-qat,T3a_DJ_constant,medium,10,0,0.0,
self_refine,ollama:gemma4:e4b-it-qat,T3b_DJ_balanced,medium,10,0,0.0,
self_refine,ollama:gemma4:e4b-it-qat,T4_BV_011,medium,10,0,0.0,
self_refine,ollama:gemma4:e4b-it-qat,T5_Grover_11,medium,10,0,0.0,
self_refine,ollama:gemma4:e4b-it-qat,T6_QFT_001,hard,10,0,0.0,
self_refine,ollama:gemma4:e4b-it-qat,T7_IQFT_001,hard,10,0,0.0,
self_refine,ollama:gemma4:e4b-it-qat,T8_QPE_001,hard,10,0,0.0,
self_refine,ollama:gemma4:e4b-it-qat,T9_Ansatz_001,hard,10,0,0.0,
self_refine,ollama:qwen3.5:4b,T1_Bell,easy,10,0,0.0,
self_refine,ollama:qwen3.5:4b,T2_GHZ,easy,10,0,0.0,
self_refine,ollama:qwen3.5:4b,T3a_DJ_constant,medium,10,0,0.0,
self_refine,ollama:qwen3.5:4b,T3b_DJ_balanced,medium,10,0,0.0,
self_refine,ollama:qwen3.5:4b,T4_BV_011,medium,10,0,0.0,
self_refine,ollama:qwen3.5:4b,T5_Grover_11,medium,10,0,0.0,
self_refine,ollama:qwen3.5:4b,T6_QFT_001,hard,10,0,0.0,
self_refine,ollama:qwen3.5:4b,T7_IQFT_001,hard,10,0,0.0,
self_refine,ollama:qwen3.5:4b,T8_QPE_001,hard,10,0,0.0,
self_refine,ollama:qwen3.5:4b,T9_Ansatz_001,hard,10,0,0.0,
self_refine,ollama:qwen3.5:9b,T1_Bell,easy,10,0,0.0,
self_refine,ollama:qwen3.5:9b,T2_GHZ,easy,10,0,0.0,
self_refine,ollama:qwen3.5:9b,T3a_DJ_constant,medium,10,0,0.0,
self_refine,ollama:qwen3.5:9b,T3b_DJ_balanced,medium,10,0,0.0,
self_refine,ollama:qwen3.5:9b,T4_BV_011,medium,10,0,0.0,
self_refine,ollama:qwen3.5:9b,T5_Grover_11,medium,10,0,0.0,
self_refine,ollama:qwen3.5:9b,T6_QFT_001,hard,10,0,0.0,
self_refine,ollama:qwen3.5:9b,T7_IQFT_001,hard,10,0,0.0,
self_refine,ollama:qwen3.5:9b,T8_QPE_001,hard,10,0,0.0,
self_refine,ollama:qwen3.5:9b,T9_Ansatz_001,hard,10,0,0.0,
