experiment_id,completed_at,cohort_id,verification,model_spec,condition_id,intervention,n,L2_rate,rescue_rate,avg_elapsed_sec,avg_total_tokens,previous_experiment_id,L2_change_pp
shared_qwen35_quick_20261007,2026-10-07T03:06:59.315827+00:00,f213c6ca3de583e4,sanity_only,ollama:qwen3.5:4b,baseline,baseline,4,0.25,,23.85747665166855,429.25,,
shared_qwen35_quick_20261007,2026-10-07T03:06:59.315827+00:00,f213c6ca3de583e4,sanity_only,ollama:qwen3.5:4b,execution_feedback,execution_feedback,4,1.0,1.0,41.73923844099045,913.0,,
shared_qwen35_quick_20261007,2026-10-07T03:06:59.315827+00:00,f213c6ca3de583e4,sanity_only,ollama:qwen3.5:4b,preventive_spec,preventive_spec,4,0.0,0.0,25.953480303287506,597.25,,
shared_qwen35_quick_20261007,2026-10-07T03:06:59.315827+00:00,f213c6ca3de583e4,sanity_only,ollama:qwen3.5:4b,self_debugging,self_debugging,4,1.0,1.0,62.501143395900726,1144.5,,
shared_qwen35_quick_20261007,2026-10-07T03:06:59.315827+00:00,f213c6ca3de583e4,sanity_only,ollama:qwen3.5:4b,self_refine,self_refine,4,0.5,0.3333333333333333,70.48064345121384,1612.0,,
shared_three_models_quick_20261007T123904531170Z,2026-10-07T13:22:15.682968+00:00,91d594ff51a3f1fd,automation_pass,ollama:gemma4:e4b-it-qat,baseline,baseline,4,1.0,,52.62557774782181,761.0,,
shared_three_models_quick_20261007T123904531170Z,2026-10-07T13:22:15.682968+00:00,91d594ff51a3f1fd,automation_pass,ollama:gemma4:e4b-it-qat,execution_feedback,execution_feedback,4,1.0,,52.62557774782181,761.0,,
shared_three_models_quick_20261007T123904531170Z,2026-10-07T13:22:15.682968+00:00,91d594ff51a3f1fd,automation_pass,ollama:gemma4:e4b-it-qat,preventive_spec,preventive_spec,4,0.0,,64.02855181694031,1034.25,,
shared_three_models_quick_20261007T123904531170Z,2026-10-07T13:22:15.682968+00:00,91d594ff51a3f1fd,automation_pass,ollama:gemma4:e4b-it-qat,self_debugging,self_debugging,4,1.0,,52.62557774782181,761.0,,
shared_three_models_quick_20261007T123904531170Z,2026-10-07T13:22:15.682968+00:00,91d594ff51a3f1fd,automation_pass,ollama:gemma4:e4b-it-qat,self_refine,self_refine,4,1.0,,52.62557774782181,761.0,,
shared_three_models_quick_20261007T123904531170Z,2026-10-07T13:22:15.682968+00:00,f1a0137950e08c10,automation_pass,ollama:qwen3.5:4b,baseline,baseline,4,0.25,,22.71482914686203,429.25,,
shared_three_models_quick_20261007T123904531170Z,2026-10-07T13:22:15.682968+00:00,f1a0137950e08c10,automation_pass,ollama:qwen3.5:4b,execution_feedback,execution_feedback,4,1.0,1.0,40.9215766787529,913.0,,
shared_three_models_quick_20261007T123904531170Z,2026-10-07T13:22:15.682968+00:00,f1a0137950e08c10,automation_pass,ollama:qwen3.5:4b,preventive_spec,preventive_spec,4,0.0,0.0,25.51983344554901,597.25,,
shared_three_models_quick_20261007T123904531170Z,2026-10-07T13:22:15.682968+00:00,f1a0137950e08c10,automation_pass,ollama:qwen3.5:4b,self_debugging,self_debugging,4,1.0,1.0,61.63197332620621,1144.5,,
shared_three_models_quick_20261007T123904531170Z,2026-10-07T13:22:15.682968+00:00,f1a0137950e08c10,automation_pass,ollama:qwen3.5:4b,self_refine,self_refine,4,0.5,0.3333333333333333,69.16337221860886,1612.0,,
shared_three_models_quick_20261007T123904531170Z,2026-10-07T13:22:15.682968+00:00,6deb41854bff03ef,automation_pass,ollama:qwen3.5:9b,baseline,baseline,4,0.75,,53.732848823070526,512.0,,
shared_three_models_quick_20261007T123904531170Z,2026-10-07T13:22:15.682968+00:00,6deb41854bff03ef,automation_pass,ollama:qwen3.5:9b,execution_feedback,execution_feedback,4,1.0,1.0,135.21087670326233,1425.5,,
shared_three_models_quick_20261007T123904531170Z,2026-10-07T13:22:15.682968+00:00,6deb41854bff03ef,automation_pass,ollama:qwen3.5:9b,preventive_spec,preventive_spec,4,0.0,0.0,78.26182448863983,765.0,,
shared_three_models_quick_20261007T123904531170Z,2026-10-07T13:22:15.682968+00:00,6deb41854bff03ef,automation_pass,ollama:qwen3.5:9b,self_debugging,self_debugging,4,1.0,1.0,141.48125791549683,1483.25,,
shared_three_models_quick_20261007T123904531170Z,2026-10-07T13:22:15.682968+00:00,6deb41854bff03ef,automation_pass,ollama:qwen3.5:9b,self_refine,self_refine,4,1.0,1.0,76.63241404294968,790.0,,
shared_three_models_quick_20261007T123904532290Z,2026-10-07T14:46:18.725830+00:00,91d594ff51a3f1fd,automation_pass,ollama:gemma4:e4b-it-qat,baseline,baseline,4,1.0,,53.615592300891876,761.0,shared_three_models_quick_20261007T123904531170Z,0.0
shared_three_models_quick_20261007T123904532290Z,2026-10-07T14:46:18.725830+00:00,91d594ff51a3f1fd,automation_pass,ollama:gemma4:e4b-it-qat,execution_feedback,execution_feedback,4,1.0,,53.615592300891876,761.0,shared_three_models_quick_20261007T123904531170Z,0.0
shared_three_models_quick_20261007T123904532290Z,2026-10-07T14:46:18.725830+00:00,91d594ff51a3f1fd,automation_pass,ollama:gemma4:e4b-it-qat,preventive_spec,preventive_spec,4,0.0,,67.21995228528976,1034.25,shared_three_models_quick_20261007T123904531170Z,0.0
shared_three_models_quick_20261007T123904532290Z,2026-10-07T14:46:18.725830+00:00,91d594ff51a3f1fd,automation_pass,ollama:gemma4:e4b-it-qat,self_debugging,self_debugging,4,1.0,,53.615592300891876,761.0,shared_three_models_quick_20261007T123904531170Z,0.0
shared_three_models_quick_20261007T123904532290Z,2026-10-07T14:46:18.725830+00:00,91d594ff51a3f1fd,automation_pass,ollama:gemma4:e4b-it-qat,self_refine,self_refine,4,1.0,,53.615592300891876,761.0,shared_three_models_quick_20261007T123904531170Z,0.0
shared_three_models_quick_20261007T123904532290Z,2026-10-07T14:46:18.725830+00:00,f1a0137950e08c10,automation_pass,ollama:qwen3.5:4b,baseline,baseline,4,0.25,,24.58955454826355,429.25,shared_three_models_quick_20261007T123904531170Z,0.0
shared_three_models_quick_20261007T123904532290Z,2026-10-07T14:46:18.725830+00:00,f1a0137950e08c10,automation_pass,ollama:qwen3.5:4b,execution_feedback,execution_feedback,4,1.0,1.0,42.46379089355469,913.0,shared_three_models_quick_20261007T123904531170Z,0.0
shared_three_models_quick_20261007T123904532290Z,2026-10-07T14:46:18.725830+00:00,f1a0137950e08c10,automation_pass,ollama:qwen3.5:4b,preventive_spec,preventive_spec,4,0.0,0.0,25.539995670318604,597.25,shared_three_models_quick_20261007T123904531170Z,0.0
shared_three_models_quick_20261007T123904532290Z,2026-10-07T14:46:18.725830+00:00,f1a0137950e08c10,automation_pass,ollama:qwen3.5:4b,self_debugging,self_debugging,4,1.0,1.0,64.34994721412659,1144.5,shared_three_models_quick_20261007T123904531170Z,0.0
shared_three_models_quick_20261007T123904532290Z,2026-10-07T14:46:18.725830+00:00,f1a0137950e08c10,automation_pass,ollama:qwen3.5:4b,self_refine,self_refine,4,0.5,0.3333333333333333,70.92086410522461,1612.0,shared_three_models_quick_20261007T123904531170Z,0.0
shared_three_models_quick_20261007T123904532290Z,2026-10-07T14:46:18.725830+00:00,6deb41854bff03ef,automation_pass,ollama:qwen3.5:9b,baseline,baseline,4,0.75,,54.50092309713364,512.0,shared_three_models_quick_20261007T123904531170Z,0.0
shared_three_models_quick_20261007T123904532290Z,2026-10-07T14:46:18.725830+00:00,6deb41854bff03ef,automation_pass,ollama:qwen3.5:9b,execution_feedback,execution_feedback,4,0.75,0.0,187.89033991098404,1888.5,shared_three_models_quick_20261007T123904531170Z,-25.0
shared_three_models_quick_20261007T123904532290Z,2026-10-07T14:46:18.725830+00:00,6deb41854bff03ef,automation_pass,ollama:qwen3.5:9b,preventive_spec,preventive_spec,4,0.0,0.0,78.46112591028214,765.0,shared_three_models_quick_20261007T123904531170Z,0.0
shared_three_models_quick_20261007T123904532290Z,2026-10-07T14:46:18.725830+00:00,6deb41854bff03ef,automation_pass,ollama:qwen3.5:9b,self_debugging,self_debugging,4,1.0,1.0,145.42613583803177,1483.25,shared_three_models_quick_20261007T123904531170Z,0.0
shared_three_models_quick_20261007T123904532290Z,2026-10-07T14:46:18.725830+00:00,6deb41854bff03ef,automation_pass,ollama:qwen3.5:9b,self_refine,self_refine,4,1.0,1.0,76.81700593233109,790.0,shared_three_models_quick_20261007T123904531170Z,0.0
