task_id,task_difficulty,model_spec,condition_id,intervention,n,L0_rate,L1_rate,L2_rate,structure_match_rate,L3_rate,final_success_rate,timeout_flag_rate,avg_first_success_round,avg_tokens_in,avg_tokens_out,avg_total_tokens,avg_elapsed_sec,avg_code_lines,avg_gate_count,avg_circuit_depth,avg_L2_distance,avg_estimated_cost_usd
T1_Bell,easy,ollama:gemma4:e4b-it-qat,baseline,baseline,2,1.0,1.0,1.0,1.0,1.0,1.0,0.0,0.0,232.0,285.5,517.5,35.72684192657471,31.0,2.0,2.0,0.0037841796875,null
T1_Bell,easy,ollama:gemma4:e4b-it-qat,execution_feedback,execution_feedback,2,1.0,1.0,1.0,1.0,1.0,1.0,0.0,0.0,232.0,285.5,517.5,35.72684192657471,31.0,2.0,2.0,0.0037841796875,null
T1_Bell,easy,ollama:gemma4:e4b-it-qat,preventive_spec,preventive_spec,2,1.0,1.0,0.0,1.0,0.0,0.0,0.0,,344.0,362.5,706.5,36.511759996414185,35.5,2.0,2.0,1.0,null
T1_Bell,easy,ollama:gemma4:e4b-it-qat,self_debugging,self_debugging,2,1.0,1.0,1.0,1.0,1.0,1.0,0.0,0.0,232.0,285.5,517.5,35.72684192657471,31.0,2.0,2.0,0.0037841796875,null
T1_Bell,easy,ollama:gemma4:e4b-it-qat,self_refine,self_refine,2,1.0,1.0,1.0,1.0,1.0,1.0,0.0,0.0,232.0,285.5,517.5,35.72684192657471,31.0,2.0,2.0,0.0037841796875,null
T1_Bell,easy,ollama:qwen3.5:4b,baseline,baseline,2,0.5,0.0,0.0,0.0,0.0,0.0,0.0,,245.0,92.0,337.0,20.299241304397583,10.5,0.0,0.0,,null
T1_Bell,easy,ollama:qwen3.5:4b,execution_feedback,execution_feedback,2,1.0,1.0,1.0,1.0,1.0,1.0,0.0,1.0,694.5,187.5,882.0,40.06583249568939,12.0,2.0,2.0,0.00128173828125,null
T1_Bell,easy,ollama:qwen3.5:4b,preventive_spec,preventive_spec,2,0.5,0.0,0.0,0.0,0.0,0.0,0.0,,363.0,92.5,455.5,13.666888117790222,13.0,0.0,0.0,,null
T1_Bell,easy,ollama:qwen3.5:4b,self_debugging,self_debugging,2,1.0,1.0,1.0,1.0,1.0,1.0,0.0,1.0,763.5,490.5,1254.0,75.965789437294,17.0,2.0,2.0,0.0025634765625,null
T1_Bell,easy,ollama:qwen3.5:4b,self_refine,self_refine,2,0.5,0.5,0.5,0.5,0.5,0.5,0.0,1.0,1115.0,331.5,1446.5,59.90848934650421,15.5,1.0,1.0,0.0050048828125,null
T1_Bell,easy,ollama:qwen3.5:9b,baseline,baseline,2,1.0,1.0,1.0,1.0,1.0,1.0,0.0,0.0,245.0,122.0,367.0,38.47328436374664,13.5,2.0,2.0,0.00750732421875,null
T1_Bell,easy,ollama:qwen3.5:9b,execution_feedback,execution_feedback,2,1.0,1.0,1.0,1.0,1.0,1.0,0.0,0.0,245.0,122.0,367.0,38.47328436374664,13.5,2.0,2.0,0.00750732421875,null
T1_Bell,easy,ollama:qwen3.5:9b,preventive_spec,preventive_spec,2,1.0,1.0,0.0,1.0,0.0,0.0,0.0,,363.0,128.0,491.0,36.49681603908539,13.5,2.0,2.0,1.0,null
T1_Bell,easy,ollama:qwen3.5:9b,self_debugging,self_debugging,2,1.0,1.0,1.0,1.0,1.0,1.0,0.0,0.0,245.0,122.0,367.0,38.47328436374664,13.5,2.0,2.0,0.00750732421875,null
T1_Bell,easy,ollama:qwen3.5:9b,self_refine,self_refine,2,1.0,1.0,1.0,1.0,1.0,1.0,0.0,0.0,245.0,122.0,367.0,38.47328436374664,13.5,2.0,2.0,0.00750732421875,null
T3a_DJ_constant,medium,ollama:gemma4:e4b-it-qat,baseline,baseline,2,1.0,1.0,1.0,1.0,1.0,1.0,0.0,0.0,313.0,691.5,1004.5,71.50434267520905,63.0,6.0,2.0,0.00372314453125,null
T3a_DJ_constant,medium,ollama:gemma4:e4b-it-qat,execution_feedback,execution_feedback,2,1.0,1.0,1.0,1.0,1.0,1.0,0.0,0.0,313.0,691.5,1004.5,71.50434267520905,63.0,6.0,2.0,0.00372314453125,null
T3a_DJ_constant,medium,ollama:gemma4:e4b-it-qat,preventive_spec,preventive_spec,2,0.5,0.5,0.0,0.5,0.0,0.0,0.0,,425.0,937.0,1362.0,97.92814457416534,79.0,3.0,1.0,1.0,null
T3a_DJ_constant,medium,ollama:gemma4:e4b-it-qat,self_debugging,self_debugging,2,1.0,1.0,1.0,1.0,1.0,1.0,0.0,0.0,313.0,691.5,1004.5,71.50434267520905,63.0,6.0,2.0,0.00372314453125,null
T3a_DJ_constant,medium,ollama:gemma4:e4b-it-qat,self_refine,self_refine,2,1.0,1.0,1.0,1.0,1.0,1.0,0.0,0.0,313.0,691.5,1004.5,71.50434267520905,63.0,6.0,2.0,0.00372314453125,null
T3a_DJ_constant,medium,ollama:qwen3.5:4b,baseline,baseline,2,1.0,0.5,0.5,0.5,0.5,0.5,0.0,0.0,320.0,201.5,521.5,28.879867792129517,23.0,3.0,1.0,0.0003662109375,null
T3a_DJ_constant,medium,ollama:qwen3.5:4b,execution_feedback,execution_feedback,2,1.0,1.0,1.0,1.0,1.0,1.0,0.0,0.5,654.5,289.5,944.0,44.86174929141998,22.0,6.0,2.0,0.00048828125,null
T3a_DJ_constant,medium,ollama:qwen3.5:4b,preventive_spec,preventive_spec,2,0.5,0.0,0.0,0.0,0.0,0.0,0.0,,438.0,301.0,739.0,37.413103222846985,29.0,0.0,0.0,,null
T3a_DJ_constant,medium,ollama:qwen3.5:4b,self_debugging,self_debugging,2,1.0,1.0,1.0,1.0,1.0,1.0,0.0,0.5,689.0,346.0,1035.0,52.73410499095917,23.0,6.0,2.0,0.0025634765625,null
T3a_DJ_constant,medium,ollama:qwen3.5:4b,self_refine,self_refine,2,0.5,0.5,0.5,0.5,0.5,0.5,0.0,0.0,1255.5,522.0,1777.5,81.93323886394501,21.5,3.0,1.0,0.0003662109375,null
T3a_DJ_constant,medium,ollama:qwen3.5:9b,baseline,baseline,2,1.0,1.0,0.5,1.0,0.5,0.5,0.0,0.0,320.0,337.0,657.0,70.52856183052063,31.5,6.0,2.0,0.50457763671875,null
T3a_DJ_constant,medium,ollama:qwen3.5:9b,execution_feedback,execution_feedback,2,0.5,0.5,0.5,0.5,0.5,0.5,0.0,0.0,1890.5,1519.5,3410.0,337.30739545822144,49.5,3.0,1.0,0.0091552734375,null
T3a_DJ_constant,medium,ollama:qwen3.5:9b,preventive_spec,preventive_spec,2,0.5,0.5,0.0,0.5,0.0,0.0,0.0,,438.0,601.0,1039.0,120.42543578147888,39.0,3.0,1.0,1.0,null
T3a_DJ_constant,medium,ollama:qwen3.5:9b,self_debugging,self_debugging,2,1.0,1.0,1.0,1.0,1.0,1.0,0.0,1.0,1542.0,1057.5,2599.5,252.3789873123169,32.0,6.0,2.0,0.00909423828125,null
T3a_DJ_constant,medium,ollama:qwen3.5:9b,self_refine,self_refine,2,1.0,1.0,1.0,1.0,1.0,1.0,0.0,0.5,707.0,506.0,1213.0,115.16072750091553,32.0,6.0,2.0,0.0084228515625,null
