model_spec,task_id,task_difficulty,seed,intervention,initial_stage_score,final_stage_score,initial_error_category,final_error_category,code_diff_round0_final
ollama:qwen3.5:4b,T1_Bell,easy,1,self_refine,1,0,build_error,import_error,"--- round_0
+++ final
@@ -1,5 +1,15 @@
+from qiskit import QuantumCircuit
+from qiskit.aer import AerSimulator
+
 def build_circuit() -> QuantumCircuit:
     qc = QuantumCircuit(2)
     qc.h(0)
     qc.cx(0, 1)
-    return qc+    return qc
+
+if __name__ == ""__main__"":
+    simulator = AerSimulator()
+    circuit = build_circuit()
+    result = simulator.run(circuit, shots=1000).result()
+    counts = result.get_counts()
+    print(counts)"
ollama:qwen3.5:4b,T3a_DJ_constant,medium,1,self_refine,1,0,import_error,import_error,"--- round_0
+++ final
@@ -1,24 +1,21 @@
+from qiskit import QuantumCircuit, Aer, execute
+from qiskit_aer import AerSimulator
+
+
 def build_circuit() -> QuantumCircuit:
-    from qiskit import QuantumCircuit, Aer, execute
-    from qiskit_aer import AerSimulator
-
     qc = QuantumCircuit(3)
 
-    # Initialize ancilla q2 to |1⟩ by applying X gate
+    # Initialize ancilla q2 to |1⟩ by applying X gate before Hadamards
     qc.x(2)
 
-    # Apply Hadamard gates to all qubits (q0, q1, q2)
-    qc.h(0)
-    qc.h(1)
-    qc.h(2)
+    # Apply Hadamard gates to all qubits (q0, q1, q2) to create superposition and prepare ancilla in |+⟩⊗|−⟩
+    qc.h([0, 1, 2])
 
     # Apply oracle for f(x1, x2) = 0 (constant function)
-    # Since f is constant 0, the oracle does nothing.
-    # In Deutsch-Jozsa, if f is 0 everywhere, we don't apply any gates.
+    # Since f is constant 0, no operation is needed on the oracle.
     pass
 
-    # Apply Hadamard gates to input qubits q0 and q1 only
-    qc.h(0)
-    qc.h(1)
+    # Apply Hadamard gates to input qubits q0 and q1 only (NOT ancilla q2)
+    qc.h([0, 1])
 
     return qc"
