intervention,model_spec,task_id,task_difficulty,baseline_error_category,n_baseline_failures,rescued,rescue_rate
execution_feedback,ollama:qwen3.5:4b,T1_Bell,easy,build_error,1,1,1.0
execution_feedback,ollama:qwen3.5:4b,T1_Bell,easy,import_error,1,1,1.0
execution_feedback,ollama:qwen3.5:4b,T3a_DJ_constant,medium,import_error,1,1,1.0
preventive_spec,ollama:qwen3.5:4b,T1_Bell,easy,build_error,1,0,0.0
preventive_spec,ollama:qwen3.5:4b,T1_Bell,easy,import_error,1,0,0.0
preventive_spec,ollama:qwen3.5:4b,T3a_DJ_constant,medium,import_error,1,0,0.0
self_debugging,ollama:qwen3.5:4b,T1_Bell,easy,build_error,1,1,1.0
self_debugging,ollama:qwen3.5:4b,T1_Bell,easy,import_error,1,1,1.0
self_debugging,ollama:qwen3.5:4b,T3a_DJ_constant,medium,import_error,1,1,1.0
self_refine,ollama:qwen3.5:4b,T1_Bell,easy,build_error,1,0,0.0
self_refine,ollama:qwen3.5:4b,T1_Bell,easy,import_error,1,1,1.0
self_refine,ollama:qwen3.5:4b,T3a_DJ_constant,medium,import_error,1,0,0.0
